Workbook

Sheet Matlab Postburial
A1: Sample name | B1: Latitude | C1: Longitude | D1: Elevation | E1: Pressure | F1: Thickness | G1: Density | H1: Shielding | I1: Erosion rate | J1: [Be-10] | K1: [Al-26] | L1: Inheritance Be | M1: Inheritance Al | N1: Lambda effective | O1: Depth to top of sample (m) | P1: Year Collected | Q1: Latitude | R1: Longitude | S1: Elevation | T1: Pressure | U1: Thickness | V1: Density | W1: Shielding | X1: Erosion rate | Y1: Be +/- | Z1: Al +/- | AA1: Inheritance Be | AB1: Inheritance Al | AC1: Lambda effective | AD1: Depth to top of sample (m) | AE1: Year Collected | AF1: Calibration age | AG1: +/- | AH1: Age deposit (ka) | AI1: Age uncert (ka)
A2: SCR | B2: 34.01078 | C2: -119.86113 | D2: 74.9808 | F2: 0.025 | G2: 1.5 | H2: 0.99 | I2: 0 | J2: 9999 | N2: 153 | O2: 0.1 | P2: 2024 | V2: =G2 -> 1.5 | Y2: 9999 | AD2: 0.1 | AH2: 0 | AI2: 0.05
A3: Laguna River | B3: 33.968281 | C3: -119.79878 | D3: 14.9352 | F3: 0.025 | G3: 1.5 | H3: 0.99 | I3: 0 | J3: 9999 | N3: 153 | O3: 0.1 | P3: 2024 | V3: =G3 -> 1.5 | Y3: 9999 | AD3: 0.1 | AH3: 0 | AI3: 0.05
A4: SC-14-S4 | B4: 34.0055 | C4: -119.84171 | D4: 125.882 | F4: 0.025 | G4: 1.8 | H4: 0.99 | I4: 0 | J4: 9999 | N4: 153 | O4: 0.32 | P4: 2024 | V4: =G4 -> 1.8 | Y4: 9999 | AD4: =O4 -> 0.32 | AH4: 0.13 | AI4: 0.05
A5: SC-14-S3 | B5: 34.0055 | C5: -119.84171 | D5: 125.882 | F5: 0.025 | G5: 1.8 | H5: 0.99 | I5: 0 | J5: 9999 | N5: 153 | O5: 0.91 | P5: 2024 | V5: =G5 -> 1.8 | Y5: 9999 | AD5: =O5 -> 0.91 | AH5: 2.065931 | AI5: 0.07
A6: SC-14-S2 | B6: 34.0055 | C6: -119.84171 | D6: 125.882 | F6: 0.025 | G6: 1.8 | H6: 0.99 | I6: 0 | J6: 9999 | N6: 153 | O6: =3-0.6 -> 2.4 | P6: 2024 | V6: =G6 -> 1.8 | Y6: 9999 | AD6: =O6 -> 2.4 | AH6: =0.8634*AD6 +1.2989 -> 3.37106 | AI6: 0.12
A7: SC-15-S2 | B7: 34.00933 | C7: -119.85401 | D7: 83 | F7: 0.025 | G7: 1.8 | H7: 0.99 | I7: 0 | J7: 9999 | N7: 153 | O7: 2.95 | P7: 2024 | V7: =G7 -> 1.8 | Y7: 9999 | AD7: =O7 -> 2.95 | AH7: 5.155635 | AI7: 0.08
A8: SC-15-S1 | B8: 34.00933 | C8: -119.85401 | D8: 83 | F8: 0.025 | G8: 1.8 | H8: 0.99 | I8: 0 | J8: 9999 | N8: 153 | O8: 4.6 | P8: 2024 | V8: =G8 -> 1.8 | Y8: 9999 | AD8: =O8 -> 4.6 | AH8: 10.1 | AI8: 0.08
A9: SC-16-S4 | B9: 34.011089 | C9: -119.87457 | D9: 22.86 | F9: 0.025 | G9: 1.8 | H9: 0.99 | I9: 0 | J9: 9999 | N9: 153 | O9: =14.32-10.5 -> 3.82 | P9: 2024 | V9: =G9 -> 1.8 | Y9: 9999 | AD9: =O9 -> 3.82 | AH9: 8.4 | AI9: 0.05
A10: SC-16-S3 | B10: 34.011089 | C10: -119.87457 | D10: 22.86 | F10: 0.025 | G10: 1.8 | H10: 0.99 | I10: 0 | J10: 9999 | N10: 153 | O10: 7.82 | P10: 2024 | V10: =G10 -> 1.8 | Y10: 9999 | AD10: 7.82 | AH10: 12.501712 | AI10: 0.231

Sheet Matlab Erate uncorrected
A1: Sample name | B1: Latitude | C1: Longitude | D1: Elevation | E1: Pressure | F1: Thickness | G1: Density | H1: Shielding | I1: Erosion rate | J1: [Be-10] | K1: [Al-26] | L1: Inheritance Be | M1: Inheritance Al | N1: Lambda effective | O1: Depth to top of sample | P1: Year Collected | Q1: Latitude | R1: Longitude | S1: Elevation | T1: Pressure | U1: Thickness | V1: Density | W1: Shielding | X1: Erosion rate | Y1: Be +/- | Z1: Al +/- | AA1: Inheritance Be | AB1: Inheritance Al | AC1: Lambda effective | AD1: Depth to top of sample | AE1: Year Collected | AF1: Calibration age | AG1: +/- | AH1: Age deposit | AI1: Age uncert
A2: SCR | B2: 34.01078 | C2: -119.86113 | D2: 74.9808 | F2: 0.025 | G2: 2.2 | H2: 0.99 | I2: 0 | J2: 60265 | N2: 153 | O2: 0.1 | P2: 2024 | V2: 0.1 | Y2: 9999 | AD2: 0.1 | AH2: 0 | AI2: 0.1
A3: Laguna River | B3: 33.968281 | C3: -119.79878 | D3: 14.9352 | F3: 0.025 | G3: 2.2 | H3: 0.99 | I3: 0 | J3: 29055 | N3: 153 | O3: 0.1 | P3: 2024 | V3: 0.1 | Y3: 9999 | AD3: 0.1 | AH3: 0 | AI3: 0.1
A4: SC-14-S4 | B4: 34.0055 | C4: -119.84171 | D4: 125.882 | F4: 0.025 | G4: 2.2 | H4: 0.99 | I4: 0 | J4: 51737 | N4: 153 | O4: 0 | P4: 2024 | V4: 0.1 | Y4: 2032.4773 | AD4: ='Matlab Postburial'!O4 -> 0.32 | AE4: 0 | AH4: ='Matlab Postburial'!AH4 -> 0.13 | AI4: ='Matlab Postburial'!AI4 -> 0.05
A5: SC-14-S3 | B5: 34.0055 | C5: -119.84171 | D5: 125.882 | F5: 0.025 | G5: 2.2 | H5: 0.99 | I5: 0 | J5: 57584 | N5: 153 | O5: 0 | P5: 2024 | V5: 0.1 | Y5: 2494.6351 | AD5: ='Matlab Postburial'!O5 -> 0.91 | AE5: 0 | AH5: ='Matlab Postburial'!AH5 -> 2.065931 | AI5: ='Matlab Postburial'!AI5 -> 0.07
A6: SC-14-S2 | B6: 34.0055 | C6: -119.84171 | D6: 125.882 | F6: 0.025 | G6: 2.2 | H6: 0.99 | I6: 0 | J6: 60059 | N6: 153 | O6: 0 | P6: 2024 | V6: 0.1 | Y6: 2738.137 | AD6: ='Matlab Postburial'!O6 -> 2.4 | AE6: 0 | AH6: ='Matlab Postburial'!AH6 -> 3.37106 | AI6: ='Matlab Postburial'!AI6 -> 0.12
A7: SC-15-S2 | B7: 34.00933 | C7: -119.85401 | D7: 83 | F7: 0.025 | G7: 2.2 | H7: 0.99 | I7: 0 | J7: 66082 | N7: 153 | O7: 0 | P7: 2024 | V7: 0.1 | Y7: 2749.351 | AD7: ='Matlab Postburial'!O7 -> 2.95 | AE7: 0 | AH7: ='Matlab Postburial'!AH7 -> 5.155635 | AI7: ='Matlab Postburial'!AI7 -> 0.08
A8: SC-15-S1 | B8: 34.00933 | C8: -119.85401 | D8: 83 | F8: 0.025 | G8: 2.2 | H8: 0.99 | I8: 0 | J8: 72098 | N8: 153 | O8: 0 | P8: 2024 | V8: 0.1 | Y8: 3778.4464 | AD8: ='Matlab Postburial'!O8 -> 4.6 | AE8: 0 | AH8: ='Matlab Postburial'!AH8 -> 10.1 | AI8: ='Matlab Postburial'!AI8 -> 0.08
A9: SC-16-S4 | B9: 34.011089 | C9: -119.87457 | D9: 22.86 | F9: 0.025 | G9: 2.2 | H9: 0.99 | I9: 0 | J9: 57757 | N9: 153 | O9: 0 | P9: 2024 | V9: 0.1 | Y9: 2429.02 | AD9: ='Matlab Postburial'!O9 -> 3.82 | AE9: 0 | AH9: ='Matlab Postburial'!AH9 -> 8.4 | AI9: ='Matlab Postburial'!AI9 -> 0.05
A10: SC-16-S3 | B10: 34.011089 | C10: -119.87457 | D10: 22.86 | F10: 0.025 | G10: 2.2 | H10: 0.99 | I10: 0 | J10: 62123 | N10: 153 | O10: 0 | P10: 2024 | V10: 0.1 | Y10: 2505.7715 | AD10: ='Matlab Postburial'!O10 -> 7.82 | AE10: 0 | AH10: ='Matlab Postburial'!AH10 -> 12.501712 | AI10: ='Matlab Postburial'!AI10 -> 0.231

Sheet 10Be PostProd
A1: Sample name | B1: [10Be] Post | C1: +/- 10Be Post'
A2: SCR | B2: 0 | C2: 0
A3: Laguna River | B3: 0 | C3: 0
A4: SC-14-S4 | B4: 646 | C4: 213
A5: SC-14-S3 | B5: 4219 | C5: 400.5
A6: SC-14-S2 | B6: 5108 | C6: 443
A7: SC-15-S2 | B7: 5843 | C7: 569
A8: SC-15-S1 | B8: 5347 | C8: 512.5
A9: SC-16-S4 | B9: 2303 | C9: 822
A10: SC-16-S3 | B10: 3109 | C10: 390.5

Sheet Matlab Erate corrected model1
A1: Sample name | B1: Latitude | C1: Longitude | D1: Elevation | E1: Pressure | F1: Thickness | G1: Density | H1: Shielding | I1: Erosion rate | J1: [Be-10] | K1: [Al-26] | L1: Inheritance Be | M1: Inheritance Al | N1: Lambda effective | O1: Depth to top of sample | P1: Year Collected | Q1: Latitude | R1: Longitude | S1: Elevation | T1: Pressure | U1: Thickness | V1: Density | W1: Shielding | X1: Erosion rate | Y1: Be +/- | Z1: Al +/- | AA1: Inheritance Be | AB1: Inheritance Al | AC1: Lambda effective | AD1: Depth to top of sample | AE1: Year Collected | AF1: Calibration age | AG1: +/- | AH1: Age deposit | AI1: Age uncert
A2: SCR | B2: 34.01078 | C2: -119.86113 | D2: 74.9808 | F2: 0.025 | G2: 2.2 | H2: 0.99 | I2: 0 | J2: ='Matlab Erate uncorrected'!J2-'10Be PostProd'!B2 -> 60265 | N2: 153 | O2: 0.1 | P2: 2024 | V2: 0.1 | Y2: ='Matlab Erate uncorrected'!Y2+'10Be PostProd'!C2 -> 9999 | AD2: 0 | AE2: 0 | AH2: 0 | AI2: 0.1
A3: Laguna River | B3: 33.968281 | C3: -119.79878 | D3: 14.9352 | F3: 0.025 | G3: 2.2 | H3: 0.99 | I3: 0 | J3: ='Matlab Erate uncorrected'!J3-'10Be PostProd'!B3 -> 29055 | N3: 153 | O3: 0.1 | P3: 2024 | V3: 0.1 | Y3: ='Matlab Erate uncorrected'!Y3+'10Be PostProd'!C3 -> 9999 | AD3: 0 | AE3: 0 | AH3: 0 | AI3: 0.1
A4: SC-14-S4 | B4: 34.0055 | C4: -119.84171 | D4: 125.882 | F4: 0.025 | G4: 2.2 | H4: 0.99 | I4: 0 | J4: ='Matlab Erate uncorrected'!J4-'10Be PostProd'!B4 -> 51091 | N4: 153 | O4: 0 | P4: 2024 | V4: 0.1 | Y4: ='Matlab Erate uncorrected'!Y4+'10Be PostProd'!C4 -> 2245.4773 | AD4: =O4 -> 0 | AE4: 0 | AH4: ='Matlab Erate uncorrected'!AH4 -> 0.13 | AI4: ='Matlab Erate uncorrected'!AI4 -> 0.05
A5: SC-14-S3 | B5: 34.0055 | C5: -119.84171 | D5: 125.882 | F5: 0.025 | G5: 2.2 | H5: 0.99 | I5: 0 | J5: ='Matlab Erate uncorrected'!J5-'10Be PostProd'!B5 -> 53365 | N5: 153 | O5: 0 | P5: 2024 | V5: 0.1 | Y5: ='Matlab Erate uncorrected'!Y5+'10Be PostProd'!C5 -> 2895.1351 | AD5: =O5 -> 0 | AE5: 0 | AH5: ='Matlab Erate uncorrected'!AH5 -> 2.065931 | AI5: ='Matlab Erate uncorrected'!AI5 -> 0.07
A6: SC-14-S2 | B6: 34.0055 | C6: -119.84171 | D6: 125.882 | F6: 0.025 | G6: 2.2 | H6: 0.99 | I6: 0 | J6: ='Matlab Erate uncorrected'!J6-'10Be PostProd'!B6 -> 54951 | N6: 153 | O6: 0 | P6: 2024 | V6: 0.1 | Y6: ='Matlab Erate uncorrected'!Y6+'10Be PostProd'!C6 -> 3181.137 | AD6: =O6 -> 0 | AE6: 0 | AH6: ='Matlab Erate uncorrected'!AH6 -> 3.37106 | AI6: ='Matlab Erate uncorrected'!AI6 -> 0.12
A7: SC-15-S2 | B7: 34.00933 | C7: -119.85401 | D7: 83 | F7: 0.025 | G7: 2.2 | H7: 0.99 | I7: 0 | J7: ='Matlab Erate uncorrected'!J7-'10Be PostProd'!B7 -> 60239 | N7: 153 | O7: 0 | P7: 2024 | V7: 0.1 | Y7: ='Matlab Erate uncorrected'!Y7+'10Be PostProd'!C7 -> 3318.351 | AD7: =O7 -> 0 | AE7: 0 | AH7: ='Matlab Erate uncorrected'!AH7 -> 5.155635 | AI7: ='Matlab Erate uncorrected'!AI7 -> 0.08
A8: SC-15-S1 | B8: 34.00933 | C8: -119.85401 | D8: 83 | F8: 0.025 | G8: 2.2 | H8: 0.99 | I8: 0 | J8: ='Matlab Erate uncorrected'!J8-'10Be PostProd'!B8 -> 66751 | N8: 153 | O8: 0 | P8: 2024 | V8: 0.1 | Y8: ='Matlab Erate uncorrected'!Y8+'10Be PostProd'!C8 -> 4290.9464 | AD8: =O8 -> 0 | AE8: 0 | AH8: ='Matlab Erate uncorrected'!AH8 -> 10.1 | AI8: ='Matlab Erate uncorrected'!AI8 -> 0.08
A9: SC-16-S4 | B9: 34.011089 | C9: -119.87457 | D9: 22.86 | F9: 0.025 | G9: 2.2 | H9: 0.99 | I9: 0 | J9: ='Matlab Erate uncorrected'!J9-'10Be PostProd'!B9 -> 55454 | N9: 153 | O9: 0 | P9: 2024 | V9: 0.1 | Y9: ='Matlab Erate uncorrected'!Y9+'10Be PostProd'!C9 -> 3251.02 | AD9: =O9 -> 0 | AE9: 0 | AH9: ='Matlab Erate uncorrected'!AH9 -> 8.4 | AI9: ='Matlab Erate uncorrected'!AI9 -> 0.05
A10: SC-16-S3 | B10: 34.011089 | C10: -119.87457 | D10: 22.86 | F10: 0.025 | G10: 2.2 | H10: 0.99 | I10: 0 | J10: ='Matlab Erate uncorrected'!J10-'10Be PostProd'!B10 -> 59014 | N10: 153 | O10: 0 | P10: 2024 | V10: 0.1 | Y10: ='Matlab Erate uncorrected'!Y10+'10Be PostProd'!C10 -> 2896.2715 | AD10: =O10 -> 0 | AE10: 0 | AH10: ='Matlab Erate uncorrected'!AH10 -> 12.501712 | AI10: ='Matlab Erate uncorrected'!AI10 -> 0.231

Sheet Matlab Erate corrected model2
A1: Sample name | B1: Latitude | C1: Longitude | D1: Elevation | E1: Pressure | F1: Thickness | G1: Density | H1: Shielding | I1: Erosion rate | J1: [Be-10] | K1: [Al-26] | L1: Inheritance Be | M1: Inheritance Al | N1: Lambda effective | O1: Depth to top of sample | P1: Year Collected | Q1: Latitude | R1: Longitude | S1: Elevation | T1: Pressure | U1: Thickness | V1: Density | W1: Shielding | X1: Erosion rate | Y1: Be +/- | Z1: Al +/- | AA1: Inheritance Be | AB1: Inheritance Al | AC1: Lambda effective | AD1: Depth to top of sample | AE1: Year Collected | AF1: Calibration age | AG1: +/- | AH1: Age deposit | AI1: Age uncert
